Module Code,Lecturer,Topic,Question,Answer
CMB236,Colin Freeman,Proteins,What are the four levels of protein structure?,"Primary (AA chains with peptide bonds), Secondary (α-helix / β-pleated sheets held by H-bonds), Tertiary (H-bonds, ionic, disulphide bridges), and Quaternary (multiple tertiary compounds, e.g. haemoglobin)."
CMB236,Colin Freeman,Proteins,"Why do hydroxyl amides decay slowly, and how can hydrolysis be accelerated?",High activation energy prevents rapid hydrolysis. It can be accelerated by shifting equilibrium through acidic or basic conditions — acids stabilise oxygen; bases attack the partially positive carbon.
CMB236,Colin Freeman,Proteins,Why is sugar hydrolysis less vulnerable than amino acid hydrolysis?,"Sugars lack a C–N bond; their C–O bond is less partially positive, making them more resistant. Acid or base catalysis is still required."
CMB236,Colin Freeman,Proteins,"What is denaturation, and what does it ultimately lead to?","Denaturation is protein unfolding that exposes hydrophobic regions, causing chain aggregation (to decrease enthalpy) and then coagulation."
CMB236,Colin Freeman,Proteins,Name six causes of protein denaturation?,"pH change (H⁺/OH⁻ disrupt H-bonds), elevated temperature (activates more particles to EA), solvent change (alters water–H-bond interaction), mechanical stress, ions (increase crosslinks & disrupt structured water), and free radicals (break bonds)."
CMB236,Colin Freeman,Proteins,How do phenol groups (e.g. Vitamin E) moderate free radical damage?,"Free radical electrons delocalise across the benzene ring of the phenol group, acting as a radical sink and preventing bond breakdown."
CMB236,Colin Freeman,Mechanics,Describe the shape and regions of the stress–strain curve for biological molecules?,"J-shaped: a toe region where molecules uncoil, followed by a linear elastic (Hooke's law) region, then yield at σYS where plastic deformation and creep begin."
CMB236,Colin Freeman,Mechanics,"What is the molecular structure of collagen, and how does water content affect its stiffness?","Collagen is a triple helix of polypeptide chains. Water mediates chain interactions: Ewet ≈ 1.5 GPa vs Edry ≈ 6 GPa — higher water density fills gaps, reducing IMFs and stiffness."
CMB236,Colin Freeman,Mechanics,"What is viscoelasticity, and how does it benefit biological materials?","Viscoelastic materials show rubbery/hysteresis behaviour on load–unload cycles. They absorb impacts, dissipate energy as heat (from the area under the stress–strain loop), and have a time delay (tanθ) in stress response — preventing crack propagation."
CMB236,Colin Freeman,Keratin & Fracture,How do α-helices and β-sheets contribute differently to keratin's mechanical properties?,α-helices are viscous and stretchy (spring-like) — more helices → more impact absorption. β-sheets are solid and hard — more sheets → more hardness and durability.
CMB236,Colin Freeman,Keratin & Fracture,What determines whether a crack propagates uncontrollably?,"A net energy curve (elastic strain energy released minus crack surface energy gained) peaks at the critical crack radius. Beyond this radius, crack growth proceeds spontaneously."
CMB236,Colin Freeman,Keratin & Fracture,List four biological strategies to resist fracture?,(1) Viscoelasticity + pre-stressing past the toe region; (2) specialised structures that defocus energy at crack tips; (3) convolution (jagged edges) that increases interfacial energy; (4) fibres that become perpendicular to the crack and inhibit growth.
CMB236,Colin Freeman,Skin,What are the three layers of skin and their key components?,"Epidermis (α-keratin, stretchy/tough), Dermis (collagen, connective), Hypodermis (high fat + collagen + elastin, elastic)."
CMB236,Colin Freeman,Skin,Why is skin stiffer parallel to Langer lines?,"Collagen fibres in the dermis run parallel to Langer lines, giving greater stiffness in that direction."
CMB236,Colin Freeman,Skin,"Distinguish 1st, 2nd, and 3rd degree burns by tissue damage?","1st: epidermis destroyed. 2nd: epidermis + some dermis destroyed, but tissue remains around hair follicles. 3rd: full skin destruction, leaving only fat and muscle — requires skin grafts."
CMB236,Colin Freeman,Artificial Materials,"Distinguish biotoxic, bioinert, bioactive, and bioresorbable implant materials?","Biotoxic: rejected by tissue. Bioinert: no interaction, separated by fibrous layer. Bioactive: bonds with and integrates into tissue. Bioresorbable: gradually dissolved by the body."
CMB236,Colin Freeman,Artificial Materials,Why are polyglycolic/polylactic acids used in tissue engineering scaffolds?,They degrade to glycolic and lactic acid — both naturally present in the body — making them biocompatible and safely bioresorbable.
CMB236,Colin Freeman,Artificial Materials,What is the Integra system and how does it work?,A tissue-engineering system for post-burn treatment: a silicone protective sheet (removed once healing is established) plus a collagen scaffold that encourages new dermis formation.
CMB236,Colin Freeman,Biominerals,Explain the Voigt and Reuss limits for composite stiffness?,"Voigt (parallel): σc = vb·σb + vr·σr — material gains stiffness of its stiffest component. Reuss (perpendicular): 1/E = vb/Eb + vr/Er — both components share the same stress, giving lower stiffness."
CMB236,Colin Freeman,Biominerals,Why do biominerals use ionic charge density to control stiffness (e.g. sea cucumber)?,"More ions create more crosslinks between polymer chains, increasing stiffness by orders of magnitude — a reversible, biologically controllable mechanism."
CMB236,Colin Freeman,Teeth,Compare enamel and dentine in composition and mechanical properties?,"Enamel: pure hydroxyapatite — extremely hard. Dentine: ~50% hydroxyapatite, ~30% biological polymer — less hard (Mohs 3), but tough. Dentine resists cracks via micro-regions, collagen pre-stressing, and anisotropy."
CMB236,Colin Freeman,Teeth,What are the three main types of dental filling and their key properties?,"Amalgam (Ag/Sn/Hg): strong but weak tooth bonding and toxic Hg. Cement (polyacrylate + AlSi): acid groups attack glass ions to bond matrix and filler. Composite resin (photocurable polymer + silica): UV-cured, oxygen promotes adhesion."
CMB236,Colin Freeman,Teeth,Why is corrosion a key challenge for dental implants?,"Metals thermodynamically tend to form oxides, and the oral environment is water- and acid-based — highly corrosive. Materials like CoCr and Ti are chosen for corrosion resistance and biocompatibility."
CMB236,Colin Freeman,Bone,What are the five functions of bone?,"Protection, sound transmission, mechanical support, mineral storage, and blood cell production (in marrow)."
CMB236,Colin Freeman,Bone,Describe the four structural types of bone tissue?,"Compact (outer, ~20% porosity), Trabecular (open rod/plate network that remodels to strain), Woven (disorganized post-fracture collagen), Lamellar (organized plywood-like lamellae at varying angles to reduce anisotropy)."
CMB236,Colin Freeman,Bone,What controls bone remodelling and what happens when it becomes inefficient?,"Osteoblasts (build), osteocytes (maintain), and osteoclasts (resorb), driven by Ca²⁺ ions. Inefficiency leads to conditions like osteoporosis, where structural bone mass is lost over time."
CMB236,Colin Freeman,Bone,What are the three components of a hip replacement and why is each chosen?,"Metal stem (CoCr or Ti): strong, ductile, biocompatible, corrosion-resistant. Polymer cup: wear-resistant and flexible, tunable via chain length/density. Ceramic head: low friction, high compressive strength, chemically stable."
CMB236,Colin Freeman,Nacre,Describe the brick-and-mortar structure of nacre and why aragonite is used rather than calcite?,Calcium carbonate 'bricks' (aragonite phase — higher APF → better properties than calcite) with chitin 'mortar'. Small plate size limits crack size.
CMB236,Colin Freeman,Nacre,How does nacre resist crack propagation?,"Cracks travel through chitin, increasing K₁c by lengthening path. Grains can rotate to reduce stress. Cracks in chitin create high shear as CaCO₃ lamellae slide, dissipating energy. CaCO₃ nodules and organic cross-links prevent plate movement."
CMB236,Colin Freeman,Nacre,Why does wet nacre outperform dry nacre mechanically?,Structural water maintains chitin's structure and mediates interactions between layers. Dry nacre loses this and behaves similarly to plain aragonite.
CMB236,Xiangbing Zeng,Polymer Structure,What are the primary structural configurations of polymer chains and how do they relate to crystallinity?,"Linear, branched, and crosslinked configurations. Regular stereoregular arrangements promote packing and crystallinity (Isotactic: functional groups on the same side; Syndiotactic: functional groups alternate), whereas irregular arrangements remain amorphous (Atactic)."
CMB236,Xiangbing Zeng,Polymer Structure,How are polymer chain conformation changes driven and how is the spatial coil size measured for an ideal chain?,"Conformation changes are driven by free rotation around covalent Carbon-Carbon (C–C) bonds, leading to randomly arranged chains. The spatial coil size is measured via the root-mean-square (rms) distance between chain ends, which for an ideal freely jointed chain is: $$r_f = n^{1/2}l$$ (where $n$ is the number of segments of length $l$)."
CMB236,Xiangbing Zeng,Polymer Structure,What is the characteristic ratio C_inf and what does it quantify in non-ideal polymers?,"$$C_{\infty} = \frac{\langle r^2 \rangle}{r_f^2}$$It is the ratio between the actual non-ideal chain root-mean-square dimension and a theoretical freely jointed ideal chain dimension, which serves to quantify internal chain stiffness."
CMB236,Xiangbing Zeng,Polymer Structure,How does a polymer's Young's modulus behave as temperature increases?,"Young's modulus decreases as temperature increases. Polymer mechanical behavior is highly temperature-dependent, transitioning across distinct zones: Glassy $\rightarrow$ Leathery $\rightarrow$ Rubbery $\rightarrow$ Rubbery Flow $\rightarrow$ Viscous."
CMB236,Xiangbing Zeng,Rubber Elasticity,What physical work equation governs a polymer system and which thermodynamic term dominates in elastomers?,"$$dW = -f dL = dU - T dS$$Elastomers possess a very high extensibility and fully recover after mechanical deformation because the process is driven by deformation-induced changes in entropy ($dS$), as molecules naturally prefer highly disordered, randomly coiled configurations."
CMB236,Xiangbing Zeng,Rubber Elasticity,What structural and environmental criteria must a polymer satisfy to exhibit true rubber elasticity?,"It must be entirely amorphous, lightly cross-linked via internal network anchor points, and operating at an environmental temperature well above its glass transition temperature ($T_g$)."
CMB236,Xiangbing Zeng,Rubber Elasticity,What is vulcanisation and how does it alter polymer properties?,"The chemical formation of cross-linkages using sulphur. An ideal rubber network has a constant chain length, no loose ends, and highly flexible cross-linked chains."
CMB236,Xiangbing Zeng,Rubber Elasticity,Why does Gaussian network theory diverge from actual vulcanised natural rubber behavior at high extensions?,"Gaussian network theory assumes chains can extend infinitely. Real vulcanised natural rubber undergoes stress-induced crystallisation when highly extended, resulting in non-Gaussian behaviors and a sharp upturn in stiffness."
CMB236,Xiangbing Zeng,Rubber Elasticity,What roles do carbon black additives play when reinforcing natural rubber networks?,"Carbon black particles provide mechanical reinforcement and offer robust protection against solar/ozone degradation. However, they introduce physical trade-offs including mechanical hysteresis loops and strain softening under cyclic loading (known as the Mullins effect)."
CMB236,Xiangbing Zeng,Synthetic Elastomers,Compare the chemical makeup and properties of Neoprene versus natural rubber compounds?,"Neoprene is polybutadiene containing chlorine side groups instead of methyl groups. The chlorine imparts superior resistance to hydrocarbons/solvents, high thermal stability, exceptionally low gas permeability, and robust ozone degradation resistance compared to natural rubber."
CMB236,Xiangbing Zeng,Synthetic Elastomers,Describe the multi-phase layout and morphology of a Styrene-Butadiene thermoplastic block copolymer?,"It is a phase-separated block copolymer consisting of a soft, flexible rubber matrix of polybutadiene bounded together by rigid, glassy polystyrene domains at the chain ends. These glassy domains physically aggregate to act as physical cross-links that disappear when heated."
CMB236,Xiangbing Zeng,Polymer Mechanics,How does polymer resilience respond dynamically to temperature changes relative to Tg?,"Resilience follows a clear U-curve as temperature changes. It is high in the glassy state (below $T_g$) provided it avoids shattering, drops to a distinct minimum at $T_g$ where energy dissipation is maximized due to sluggish chain movements, and rises back to high levels in the rubbery state (above $T_g$) as chains move freely."
CMB236,Xiangbing Zeng,Glass Transition,What molecular transformation defines the glass transition temperature (Tg) and how does free volume vary?,"The glass transition temperature ($T_g$) is a molecular motion change, not a structural thermodynamic phase transition. Below $T_g$, rotational energy barriers freeze large-scale chain adjustments. Free volume ($V_F$) remains constant below $T_g$ but expands linearly with thermal vibrations above $T_g$."
CMB236,Xiangbing Zeng,Glass Transition,What structural and molecular parameters actively elevate a polymer's Tg value?,"(1) Bulky side groups that restrict bond rotation, (2) rigid skeletal groups in the backbone (such as aromatics) preventing movement, (3) strong intermolecular forces (IMFs) hindering motion, (4) high molecular weight ($M_r$) which decreases free volume, and (5) dense network crosslinking."
CMB236,Xiangbing Zeng,Viscoelasticity,Define the macro-mechanical phenomena of polymer creep and stress relaxation?,"Creep is a progressive increase in strain over time under a constant applied stress. Stress relaxation is a decay in the internal stress required to maintain a constant strain over time, caused by internal rotational conformational adjustments."
CMB236,Xiangbing Zeng,Viscoelasticity,How are ideal springs and dashpots combined to mechanically model linear viscoelastic behaviors?,"Springs simulate pure Hookean elasticity ($\gamma = \sigma/G = \sigma J$). Dashpots simulate pure Newtonian viscosity ($\sigma = \eta d\gamma/dt$). A series configuration (Maxwell model) simulates creep and relaxation flow, while a parallel setup (Voigt-Kelvin model) simulates delayed elastic response."
CMB236,Xiangbing Zeng,Plastic Deformation,What microstructural event occurs during polymer necking and how can cold-working be predicted?,"Necking initiates local alignment of polymer chains under tensile strain. The point where necking occurs can be determined geometrically via Considiére's construction by drawing a tangent line from the origin ($\lambda = 0$) to the true stress-strain curve. If a second tangent can be drawn from the curve back to $\lambda = 0$, cold-working occurs."
CMB236,Xiangbing Zeng,Plastic Deformation,Describe Eyring's model for plastic yield in solid polymers?,"It models plastic yield as a thermally activated, stress-assisted diffusive process where segments jump over local intermolecular energy barriers. Before stress, jump rate is $\alpha \exp(-\Delta H/RT)$. Applying shear stress lowers the forward activation energy barrier, yielding a net strain rate of: $$\dot{\gamma} = \dot{\gamma}_0 \exp\left(-\frac{\Delta H}{RT}\right) \exp\left(\frac{\sigma_Y V^*}{2RT}\right)$$"
CMB236,Xiangbing Zeng,Plastic Deformation,Distinguish between Tresca and Von Mises yielding criteria for multiaxial polymer stress fields?,Tresca states yielding occurs when the maximum shear stress reaches a critical value: $\frac{\sigma_1 - \sigma_3}{2} = \sigma_S$. Von Mises states yielding occurs when distortional strain energy reaches a critical value: $(\sigma_1 - \sigma_2)^2 + (\sigma_1 - \sigma_3)^2 + (\sigma_2 - \sigma_3)^2 = 2\sigma_Y^2$.
CMB236,Xiangbing Zeng,Plastic Deformation,What is polymer crazing and what molecular structure bridges the resulting voids?,"Crazing consists of localized surface microfractures spreading perpendicular to tensile stress, triggered by surface flaws increasing locally. Unlike regular cracks, crazes are structurally bridged by a dense network of thin, highly oriented, load-bearing polymer fibrils."
CMB236,Xiangbing Zeng,Equations,Give the volumetric thermal expansion coefficient equation,$$\alpha = \frac{1}{v} \frac{dv}{dt}$$ \n\n*(Used in glass transition analysis to calculate structural free volume changes and track shifts in molecular packing efficiency across polymer boundaries)*
CMB236,Xiangbing Zeng,Equations,Give the Hookean elastic shear strain equation,"$$\gamma = \frac{\sigma}{G} = \sigma J$$ \n\n*(Used to describe the instantaneous, fully recoverable elastic response of an ideal polymer spring element, where $J$ represents compliance)*"
CMB236,Xiangbing Zeng,Equations,Give the Newtonian fluid viscosity equation and its corresponding time integral,"$$\text{Equation: } \sigma = \eta \frac{d\gamma}{dt} \qquad \text{Integral: } \gamma = \frac{\sigma_0 t}{\eta}$$ \n\n*(Used to model the linear, time-dependent viscous flow of a dashpot element under an applied shear stress, while its integral tracks permanent plastic strain accumulation over time)*"
CMB236,Xiangbing Zeng,Equations,Give the statistical theory of rubber elasticity tensile equation,$$\sigma = G \left(\lambda - \frac{1}{\lambda^2}\right)$$ \n\n*(Used to calculate the non-linear tensile stress of an ideal elastomer network as a function of its mechanical extension ratio $\lambda$)*
CMB236,Xiangbing Zeng,Equations,Give the affine network shear modulus equation,"$$G = n k T \frac{\langle r^2 \rangle_i}{\langle r^2 \rangle_o}$$ \n\n*(Used to calculate elastomer network stiffness based on cross-link density $n$ and absolute temperature $T$, evaluating the structural ratio between crosslinked $\langle r^2 \rangle_i$ and uncrosslinked $\langle r^2 \rangle_o$ state chain dimensions)*"
CMB236,Xiangbing Zeng,Equations,Give the Time-Temperature Superposition (TTS) WLF polymer equation,"$$\log(a_T) = \frac{-C_1(T - T_g)}{C_2 + (T - T_g)}$$ \n\n*(The Williams-Landel-Ferry equation. Used to calculate the horizontal shift factor $a_T$ needed to map viscoelastic properties measured at different temperatures onto a single, unified master reference curve)*"
CMB218,Martin Jackson,Microstructure,What core microstructural factors dictate a material's macroscopic properties like strength and ductility?,"Macroscopic properties are determined by: (1) Grain size, (2) solid solution strengthening, (3) dislocation density and arrangement, (4) precipitation hardening, and (5) structural defects and homogeneity."
CMB218,Martin Jackson,Microstructure,Outline the metallurgical effect of adding trace Silver (Ag) to Al-Cu-Mg alloys?,"Silver segregates primarily around precipitate-matrix interfaces. This reduces the interfacial energy, which increases precipitate nucleation rates and subsequently enhances macroscopic hardness."
CMB218,Martin Jackson,Phase Transformations,What is the JMAK equation used for in phase transformation kinetics?,The Johnson-Mehl-Avrami-Kolmogorov (JMAK) equation is used to model the energy barrier of diffusion as an activated process. The resulting phase reaction rate is inversely proportional to $\sqrt{t}$.
CMB218,Martin Jackson,Phase Transformations,What is chemical segregation during nucleation and how can its poor mechanical properties be fixed?,"Segregation occurs when a solid phase ($\alpha$) nucleating from a liquid phase ($L$) has a reduced concentration of the desired solid solute as the precipitate increases in radius, leaving the surrounding liquid depleted. This causes poor mechanical properties and is fixed by promoting diffusion through rolling or heat treatment."
CMB218,Martin Jackson,Phase Transformations,Explain how solid solution hardening restricts dislocation movement?,"Substitutional solute atoms that are larger or smaller than the host lattice atoms introduce stress into the matrix, forming local strain fields that act as energy minima. Dislocations become trapped in these fields, increasing the mechanical energy required to move them, which increases hardness."
CMB218,Martin Jackson,Phase Transformations,What is an ordered solid solution and why does it resist plastic deformation?,"Ordered solid solutions occur when non-identical adjacent atoms have a lower enthalpy than identical adjacent ones. These strain fields form an ordered array. Moving a dislocation through this ordered lattice disrupts this spacing, creating a high-energy anti-phase boundary that demands extra stress to form."
CMB218,Martin Jackson,Phase Transformations,What is Austenite and what crystal structure defines its high-temperature phase?,"**Austenite ($\gamma$-Fe):** A solid solution of carbon in a Face-Centered Cubic (FCC) iron lattice. It has a high interstitial carbon solubility (up to 2.14 wt%) and is stable at high temperatures, serving as the parent phase for most steel transformations."
CMB218,Martin Jackson,Phase Transformations,What is Ferrite and what limits its interstitial solute capacity?,"**Ferrite ($\alpha$-Fe):** A solid solution of carbon in a Body-Centered Cubic (BCC) iron lattice. Because its interstitial spaces are tight and unaccommodating compared to FCC, it has an extremely low maximum carbon solubility (~0.022 wt%) at room temperature and is stabilized by Chromium."
CMB218,Martin Jackson,Phase Transformations,What is Martensite and how does a diffusionless transformation create its strength?,"**Martensite:** A metastable, highly strained phase with a Body-Centered Tetragonal (BCT) structure. It forms via a sudden, diffusionless shear transformation when austenite is rapidly quenched, trapping carbon atoms within the lattice and generating intense interstitial strain fields."
CMB218,Martin Jackson,Phase Transformations,Define Bainite and outline its microstructural transition during intermediate cooling,**Bainite:** A non-lamellar microstructural mix of ferrite and fine cementite ($\text{Fe}_3\text{C}$) plates. It forms at intermediate cooling rates (between pearlitic diffusion and martensitic shearing) through a combination of displacive crystal shearing and short-range interstitial carbon diffusion.
CMB218,Martin Jackson,Phase Transformations,What is the Bain Strain and how does it geometrically map an FCC lattice to a BCC lattice?,"**The Bain Strain:** The core structural mechanism showing how an FCC lattice converts into a BCC/BCT cell with minimal atomic movement. It models an FCC unit cell as a body-centered tetragonal cell that achieves a stable BCC geometry by compressing vertically by $\sim 20\%$ ($\eta_3 \approx 0.8$) and expanding horizontally by $\sim 12\%$ ($\eta_1, \eta_2 \approx 1.12$)."
CMB218,Martin Jackson,Precipitation Hardening,Distinguish between coherent and incoherent precipitates during dislocation interaction?,"Coherent precipitates maintain continuous lattice planes with the matrix; dislocations cut directly through them, raising strength via chemical or stacking faults. Incoherent precipitates break lattice continuity; dislocations cannot cut them and must bow around them."
CMB218,Martin Jackson,Precipitation Hardening,Explain the process of overageing in precipitation hardened alloys?,"Overageing occurs when prolonged heating causes smaller precipitates to dissolve while larger ones grow (Ostwald ripening). This increases inter-particle spacing, allowing dislocations to easily bow around them via Orowan looping, causing a drop in yield strength."
CMB218,Martin Jackson,Deformation & Annealing,What is stored energy during cold working and how does it affect dislocation density?,"Stored energy is the mechanical work retained in the crystal lattice as elastic strain energy surrounding newly generated defects. It scales directly with dislocation density, increasing from $\sim 10^7\text{ cm}^{-2}$ in annealed metals up to $\sim 10^{11}\text{ cm}^{-2}$ in highly cold-worked metals."
CMB218,Martin Jackson,Deformation & Annealing,Compare the cell and subgrain microstructures formed during plastic deformation?,"Low strain forms cellular structures with messy, high-dislocation density walls enclosing low-defect interiors. High strain or elevated temperatures cause these walls to rearrange into low-angle grain boundaries, forming clean subgrains."
CMB218,Martin Jackson,Deformation & Annealing,What thermodynamic transformations occur during the recovery stage of annealing?,"Recovery lowers stored energy without altering grain shapes. Driven by thermal activation, point defects annihilate, and dislocations of opposite signs cancel out. Remaining dislocations rearrange into stable low-energy walls (polygonisation)."
CMB218,Martin Jackson,Deformation & Annealing,Define recrystallisation and contrast its nucleation mechanisms in low versus high strain areas?,"Recrystallisation replaces deformed microstructure with new, strain-free grains. In low-strain zones, it occurs via strain-induced boundary migration (SIBM) where an existing boundary bulges out into a highly deformed neighbor. In high-strain zones, it occurs via subgrain rotation and coalescence."
CMB218,Martin Jackson,Deformation & Annealing,What is dynamic recrystallisation (DRX) and what structural feature tracks its progress?,"DRX is recrystallisation that occurs simultaneously *during* hot deformation. Its progress is tracked by the formation of a 'necklace microstructure', where strings of tiny, new, strain-free grains form along the boundaries of large, old deformed grains."
CMB218,Martin Jackson,Deformation & Annealing,Explain grain growth during annealing and how its driving force differs from recrystallisation?,"Grain growth is the enlargement of existing grains to reduce total grain boundary area, driven purely by the minimization of total interfacial energy. Recrystallisation, by contrast, is driven by the relief of internal stored elastic strain energy from cold work."
CMB218,Martin Jackson,Steels & Rolling,What metallurgical phenomenon limits the effectiveness of multi-stage hot rolling?,"Static recrystallisation. If the steel is held at high temperatures between rolling passes, it undergoes spontaneous recrystallisation and grain growth, which eliminates the beneficial work hardening and limits further grain refinement."
CMB218,Martin Jackson,Steels & Rolling,What are High Strength Low Alloy (HSLA) steels and how do they exploit Zener pinning?,"HSLA steels contain micro-alloying elements (like Nb, V, Ti) that form fine carbides at high temperatures. During controlled rolling, these fine precipitates form along grain boundaries and induce Zener pinning, halting grain growth and maximizing grain refinement."
CMB218,Martin Jackson,Steels & Rolling,Why is grain refinement unique compared to solid solution hardening or cold working?,"Solid solution hardening, precipitation hardening, and cold working all increase yield strength but drastically reduce ductility and toughness. Grain refinement is unique because it increases yield strength *and* increases ductility and toughness simultaneously."
CMB218,Martin Jackson,Stainless Steels,Explain weld decay in high carbon stainless steels?,"Weld decay occurs when high-temperature welding causes Chromium and Carbon to precipitate out as Chromium Carbides ($Cr\text{-}C$) at grain boundaries. This depletes the adjacent matrix of free Chromium, dropping its concentration below the critical 12% passivity threshold and leaving the boundaries prone to severe intergranular corrosion."
CMB218,Martin Jackson,Stainless Steels,Compare Austenitic versus Ferritic stainless steels regarding composition and performance?,"Austenitic steels (e.g., 302, 304, 316) use Nickel/Manganese to stabilize the FCC phase; they are highly corrosion-resistant and ductile at cryogenic temperatures, but prone to chloride-induced Stress-Corrosion Cracking (SCC). Ferritic steels (e.g., 430, 446) are stabilized by Chromium, are cheaper, stronger, and immune to SCC, but cannot be work-hardened."
CMB218,Martin Jackson,Equations,Give the Johnson-Mehl-Avrami-Kolmogorov (JMAK) phase transformation kinetics equation,"$$\xi = 1 - \exp(-k t^n)$$ \n\n*(Used to model the fraction of transformation $\xi$ over time $t$, where reaction rate is inversely proportional to $\sqrt{t}$)*"
CMB218,Martin Jackson,Equations,Give the Orowan looping stress equation for dislocation bypass around incoherent precipitates,$$\Delta \tau = \frac{G b}{L}$$ \n\n*(Used to calculate the critical shear stress increase needed for a dislocation to bow and pass between precipitates separated by spacing $L$)*
CMB218,Martin Jackson,Equations,Give the geometric relationship equation between recrystallised grain size and original deformed grain boundary area,"$$d_{\text{rex}} \propto \left(\frac{G}{\dot{N}}\right)^{1/4} \cdot \left(S_V\right)^{-1}$$ \n\n*(Used to predict recrystallised grain size based on growth rate $G$, nucleation rate $\dot{N}$, and original grain boundary surface area per unit volume $S_V$)*"
CMB218,Martin Jackson,Equations,Give the Zener pinning pressure equation exerted by particles on a grain boundary,"$$P_S = \frac{3 F_v \gamma}{2 r}$$ \n\n*(Used to calculate the pinning pressure opposing grain boundary migration based on particle volume fraction $F_v$, boundary energy $\gamma$, and particle radius $r$)*"
CMB218,Martin Jackson,Equations,Give the transformation stretch tensor deformation gradient used to express the Bain Strain,$$\mathbf{U} = \begin{pmatrix} \eta_1 & 0 & 0 \\ 0 & \eta_2 & 0 \\ 0 & 0 & \eta_3 \end{pmatrix} = \begin{pmatrix} \sqrt{2}\frac{a_{\text{BCC}}}{a_{\text{FCC}}} & 0 & 0 \\ 0 & \sqrt{2}\frac{a_{\text{BCC}}}{a_{\text{FCC}}} & 0 \\ 0 & 0 & \frac{c_{\text{BCT}}}{a_{\text{FCC}}} \end{pmatrix}$$ \n\n*(Used to calculate the principal lattice distortions required to displacively transform parent austenite into product martensite)*
CMB218,Colin Robert,Thermodynamics,Distinguish between Substitutional and Interstitial solid solutions at the atomic level?,"In Substitutional solid solutions, solute atoms substitute directly for solvent atoms of a similar size within the host lattice. In Interstitial solid solutions, the solute atoms are small enough to occupy the gaps or empty spaces (interstices) between the host matrix atoms."
CMB218,Colin Robert,Thermodynamics,State the thermodynamic equations for the 1st 2nd and 3rd Laws of Thermodynamics?,"**1st Law:** $\Delta U = \Delta q + \Delta w$ (where enthalpy is $\Delta H = \Delta U + p\Delta V$). \n**2nd Law:** $\Delta S > 0$ (at absolute zero $0\text{ K}$, $\Delta S = 0$). \n**3rd Law:** $\Delta G = \Delta H - T\Delta S$, also written as $G = -RT\ln(k)$."
CMB218,Colin Robert,Ideal Solutions,Why do materials naturally form solutions and what is the fundamental ideal solution Gibbs Free Energy equation?,"Materials form solutions to spontaneously reduce their overall Gibbs Free Energy. The ideal solution equation is: $$G^{\text{id}} = G_M - T\Delta S_M$$ (where $G_M = X_A G_A + X_B G_B$ and $T\Delta S_M$ represents the entropy of the solution, completely ignoring atomic interactions)."
CMB218,Colin Robert,Non-Ideal Solutions,How do non-ideal solution calculations incorporate atomic interactions and Excess Gibbs Free Energy?,Non-ideal solutions explicitly account for interactions between different types of neighboring atoms. The relationship is governed by: $$G^S = G_M - T\Delta S_M + \Delta G^{\text{XS}}$$ where the Excess Gibbs Free Energy is the difference between the potential energy of the real solution and an ideal mixture: $\Delta G^{\text{XS}} = \Delta H^{\text{XS}} - T\Delta S^{\text{XS}}$.
CMB218,Colin Robert,Phase Diagrams,How do Gibbs Free Energy curves dictate solid and liquid boundary limits on a phase diagram?,"A thermodynamic system always drives toward the lowest global Gibbs Free Energy state. If $G^S < G_M$, a solution forms. If $G^S > G_M$, it remains phase-separated. The absolute minima of the solid and liquid $G^S$ curves establish the exact boundary lines for the Solid and Liquid phases on a phase diagram."
CMB218,Colin Robert,Phase Diagrams,What is the thermodynamic cause of a Miscibility Gap and what is its kinetic nature?,"A miscibility gap occurs when the potential energy interactions between like atoms are stronger than between different atoms, resulting in an excess Gibbs Free Energy greater than zero ($\Delta G^{\text{XS}} > 0$). This forms an unstable mechanical mixture via a simultaneous, non-activated transformation because any slight change in composition drops the system's total Gibbs Free Energy."
CMB218,Colin Robert,Phase Diagrams,Define Partial Molar Gibbs Energy and explain how to determine it geometrically?,"It is the effective thermodynamic contribution of one mole of a specific substance toward the total Gibbs Free Energy of a mixture, expressed as: $$G^S = X_A \bar{G}_A + X_B \bar{G}_B$$ Geometrically, it is identified by drawing a tangent line to the $G^S$ curve at a specific composition point and tracking where it intersects the vertical axes at 100% $A$ ($\bar{G}_A$) and 100% $B$ ($\bar{G}_B$)."
CMB218,Colin Robert,Phase Diagrams,What mathematical equality defines chemical potentials when two phases are in equilibrium?,"When two phases (such as solid $S$ and liquid $L$) coexist in equilibrium within a two-phase region, their partial molar Gibbs energies must balance: $$\bar{G}_A^L = \bar{G}_A^S \quad \text{and} \quad \bar{G}_B^L = \bar{G}_B^S$$ Found geometrically by drawing a single common tangent line that touches the minima of both the solid and liquid energy curves."
CMB218,Colin Robert,Phase Diagrams,State the Lever Rule equation used to calculate phase fractions?,$$N_S : N_L = (X_L - X_O) : (X_O - X_S)$$ This calculates the ratio of solid to liquid phases based on the distance from the overall starting alloy composition ($X_O$) to the opposite phase boundaries ($X_L$ and $X_S$).
CMB219,Richard Thackray,Titanium,Outline the sequential industrial chemical processes used to manufacture Titanium sponge?,"Titanium dioxide ($\text{TiO}_2$, rutile) undergoes chlorination with Carbon to produce Titanium Tetrachloride ($\text{TiCl}_4$). This intermediate chemical is reduced to Titanium metal sponge using either the **Kroll Process** ($\text{TiCl}_4 + \text{Mg} \rightarrow \text{MgCl}_2 + \text{Ti}$) or the **Hunter Process** ($\text{TiCl}_4 + \text{Na} \rightarrow \text{NaCl} + \text{Ti}$)."
CMB219,Richard Thackray,Titanium,What is the FFC Cambridge Process and what are its standard operating conditions?,An electrode-based extraction method where solid $\text{TiO}_2$ serves as the cathode and graphite serves as the anode in a bath of molten $\text{CaCl}_2$ electrolyte. Electricity directly reduces $\text{Ti}^{4+}$ to raw Titanium metal at an estimated energy cost of £5/kg ($125\text{ MWh/ton}$).
CMB219,Richard Thackray,Titanium,Why must Titanium processing occur under a vacuum and how are impurities avoided during hot working?,"Hot Titanium reacts aggressively with air molecules (Oxygen, Nitrogen, Hydrogen) to form embrittling interstitial impurities. Processing occurs under a vacuum using Vacuum Arc Remelting (VAR) or skull melting in a water-cooled copper crucible. During hot working, parts are lubricated with Graphite or Glass to prevent oxidation damage, and cold working is avoided entirely."
CMB219,Richard Thackray,Automotive,Compare Aluminum versus Steel across cost density elastic modulus and fatigue limits?,"**Cost:** Steel is roughly 1/3 to 1/4 the raw material cost of Al and cheaper to manufacture due to easier welding and recycling. \n**Density & Modulus:** Al has $\sim 1/3$ the density of steel but a lower Young's Modulus ($E_{\text{Al}} = 70\text{ GPa}$ vs $E_{\text{steel}} = 210\text{ GPa}$). \n**Fatigue:** Steel exhibits a distinct endurance limit, whereas Al has $\sim 1/2$ the fatigue strength and no definitive endurance limit."
CMB219,Richard Thackray,Microstructure,What phase transformation sequence produces a Supersaturated Solid Solution (SSSS) during precipitation hardening?,"The alloy undergoes **Homogenisation**, followed by **Solution Treatment** at a high single-phase temperature to dissolve solutes. It is then rapidly **Quenched** to trap the solute atoms in the matrix at room temperature before they can diffuse out, creating a highly unstable, high-entropy Supersaturated Solid Solution (SSSS)."
CMB219,Richard Thackray,Microstructure,Contrast Natural versus Artificial ageing during alloy precipitation strengthening?,"**Natural Ageing:** Solute atoms slowly diffuse out of the unstable SSSS over time at room temperature. \n**Artificial Ageing:** The alloy is heated to an elevated temperature, which provides thermal activation energy to accelerate solute diffusion and control the size and distribution of the resulting strengthening precipitates."
CMB219,Richard Thackray,Microstructure,Why do interstitial impurities exert a greater influence on matrix yield strength than substitutional impurities?,"Interstitial impurities sit inside the tight interstitial spaces of the host crystal lattice, generating intense asymmetric local lattice distortion fields. These strong strain fields interact much more strongly with the stress fields of moving dislocations than the symmetrical distortions caused by substitutional atoms, making dislocation motion significantly more difficult."
CMB219,Richard Thackray,Steels,Outline the sequential processing infrastructure routing used to transform raw iron ore into continuous cast steel shapes?,$$\text{Blast Furnace} \rightarrow \text{Hot Metal} \rightarrow \text{Oxygen Furnace} \rightarrow \text{Refining} \rightarrow \text{Continuous Casting/Shaping}$$ *Note: The blast and basic oxygen furnaces can be replaced entirely by an Electric Arc Furnace (EAF) when melting recycled scrap steel.*
CMB219,Richard Thackray,Steels,List the primary industrial engineering advantages and disadvantages of steel?,"**Advantages:** Very cheap raw materials, superb mechanical properties (high elastic stiffness, tensile strength, and impact fracture toughness), excellent weldability, and fully recyclable. \n**Disadvantages:** Exceptionally high volumetric weight/density, and poor natural corrosion resistance (CR)."
CMB219,Richard Thackray,Steels,Describe the microstructural layout of Pearlite and explain hypoeutectoid versus hypereutectoid distributions?,"Pearlite is a lamellar mixture consisting of alternating plates of soft Ferrite and hard Cementite ($\text{Fe}_3\text{C}$) that forms at the eutectoid composition. In a **hypoeutectoid** steel (< eutectoid), proeutectoid ferrite forms along the prior austenite grain boundaries. In a **hypereutectoid** steel (> eutectoid), brittle cementite lines the prior austenite grain boundaries."
CMB219,Richard Thackray,Steels,What is the crystal structure of Martensite and how is its brittleness adjusted for industrial applications?,"Martensite has a Body-Centered Tetragonal (BCT) crystal structure with fewer active slip systems, resulting in an exceptionally hard and brittle material. To improve its toughness, it is **tempered** by heating, which allows trapped carbon atoms to diffuse out and transforms the highly strained BCT lattice back into a stable BCC layout."
CMB219,Richard Thackray,Titanium,Compare the Kroll and Hunter processes for manufacturing Titanium sponge by their reduction reactions?,**Kroll Process:** Reduces titanium tetrachloride using molten magnesium: $\text{TiCl}_4 + 2\text{Mg} \rightarrow 2\text{MgCl}_2 + \text{Ti}$. \n**Hunter Process:** Reduces titanium tetrachloride using molten sodium: $\text{TiCl}_4 + 4\text{Na} \rightarrow 4\text{NaCl} + \text{Ti}$. Both run as batch reactions taking approximately 5 days.
CMB219,Richard Thackray,Titanium,What furnace types must be used to melt Titanium to prevent interstitial gas contamination?,"Melt processing must be performed using electric furnaces under a strict vacuum or inert gas blanket to avoid Hydrogen contamination. Specific methods include **Vacuum Arc Remelting (VAR)** with a consumable arc, or **Skull Melting** inside a water-cooled copper crucible."
CMB219,Richard Thackray,Automotive,Compare Aluminum and Steel regarding energy absorption formability and specific stiffness?,"**Energy Absorption:** Steel has a higher energy absorption capacity than Aluminum. \n**Formability:** Aluminum has lower formability, coming in at approximately 2/3 the formability performance of steel. \n**Specific Stiffness:** Steel achieves a higher overall specific stiffness compared to Aluminum."
CMB219,Richard Thackray,Automotive,Compare Aluminum and Steel regarding hardness and magnetic behavior based on automotive requirements?,"**Hardness:** Aluminum's hardness is lower, matching roughly 2/3 the hardness value of steel. \n**Magnetic Behavior:** Aluminum is completely non-magnetic, whereas certain types of steels exhibit magnetic properties."
CMB219,Richard Thackray,Microstructure,What physical change causes solute atoms to form precipitates when an alloy cools?,"As the temperature of a solid solution drops, the thermodynamic solubility limit of solute component B within solvent matrix A decreases. This forces the excess solute atoms to diffuse out of the matrix grains and cluster together, forming discrete second-phase precipitate particles ($\text{ppt hardening}$)."
CMB219,Richard Thackray,Microstructure,How does solid solution strengthening physically restrict the movement of dislocations?,"Solute atoms with different atomic radii distort the host crystal lattice, generating intense local stress fields. Because of the high internal entropy of the mixture, these strain fields block the path of dislocations, making slip considerably more difficult and raising the matrix yield strength."
CMB219,Richard Thackray,Steels,What microstructural phases separate at the prior austenite grain boundaries in hypoeutectoid vs hypereutectoid steels?,"In **hypoeutectoid steels** ($<\text{ eutectoid composition}$), soft proeutectoid ferrite nucleates and spreads along the prior austenite grain boundaries. In **hypereutectoid steels** ($>\text{ eutectoid composition}$), a brittle network of proeutectoid cementite ($\text{Fe}_3\text{C}$) grows along the prior austenite grain boundaries."
CMB219,Richard Thackray,Steels,What are the primary microstructural and structural layout characteristics of Martensite?,"Martensite consists of an exceptionally fine-grained microstructure featuring a needle-like or lath morphology. It crystallizes into a highly strained, non-cubic tetragonal lattice that possesses very few active slip systems, making it highly resistant to plastic slip."
CMB219,Richard Thackray,Steels,How does the microstructure of High Strength Low Alloy (HSLA) steels differ from traditional plain carbon steels?,"HSLA steels utilize micro-alloying additions to precipitate fine transition-metal carbides along the prior austenite grain boundaries. These carbides restrict grain boundary movement during processing, significantly raising the overall yield strength via grain size refinement according to the Hall-Petch relationship."
CMB219,Richard Thackray,Summary,List four metallurgical mechanisms used to maximize a metal's yield strength?,"Yield strength can be actively increased via: (1) Work hardening (dislocation accumulation), (2) Solid solution strengthening (lattice strain fields), (3) Precipitation hardening (dislocation cutting or looping barriers), and (4) Grain size refinement (increasing grain boundary surface area)."
CMB219,Richard Thackray,Equations,State the industrial Rolling Load Force equation and list its variables,"$$F = c \cdot w \cdot \sqrt{R \cdot (h_o - h_f)} \cdot \sigma_{\text{flow}}$$ \n\nTracks roll separating forces: \n$F$ = rolling load \n$c$ = friction factor \n$w$ = strip width \n$R$ = work roll radius \n$h_o, h_f$ = initial and final thicknesses \n$\sigma_{\text{flow}}$ = metal flow stress."
CMB219,Richard Thackray,Equations,State the complete Extrusion Ratio and Extrusion Pressure normalized formulas,"**Extrusion Ratio:** $R = \frac{A_o}{A_f} \ln(R)$ \n**Extrusion Pressure:** $\frac{P}{\sigma_{\text{flow}}} = a + b \ln(R)$ \n\nWhere $P$ is extrusion pressure, $A_o$ is initial billet cross-sectional area, $A_f$ is final product area, $\sigma_{\text{flow}}$ is flow stress, and $a, b$ represent experimental extrusion constants."
CMB219,Richard Thackray,Equations,State the Forging Load Upsetting Force formula and identify its variables,$$P = \sigma_{\text{flow}} \cdot \left(1 + \frac{2 m r}{3 h}\right)$$ \n\nCalculates press requirements: \n$P$ = total forging force \n$\sigma_{\text{flow}}$ = material flow stress \n$m$ = operational interface friction factor \n$r$ = effective radius of the cylinder workpiece \n$h$ = instantaneous height of the workpiece.
CMB219,Richard Thackray,Equations,State the Hall-Petch grain size strengthening formula and identify its parameters,$$\sigma_o = \sigma_I + \frac{k}{\sqrt{d}}$$ \n\nWhere: \n$\sigma_o$ = total observed material yield strength \n$\sigma_I$ = intrinsic lattice friction stress resisting dislocation movement \n$k$ = material-specific locking constant \n$d$ = average crystal grain diameter.
"CMB236","Kathy Christofidou","Dislocation Geometry","How do edge and screw dislocations differ in terms of their line vector and Burgers vector, and what constraint does this place on slip?","Edge dislocations have their line vector perpendicular to the Burgers vector; screw dislocations have line vector parallel to the Burgers vector. Because a dislocation can only slip on the plane that contains both its line vector and its Burgers vector, edge dislocations are confined to a single glide plane, while screw dislocations can cross-slip to any plane containing their Burgers vector."
"CMB236","Kathy Christofidou","Dislocation Geometry","What is the Burgers vector, and what rules govern its behaviour as a dislocation moves through a crystal?","The Burgers vector b is the closure failure between a loop in the perfect crystal and the same loop around the dislocation — it quantifies the magnitude and direction of the lattice distortion. It remains constant throughout a dislocation's life, even if the dislocation type changes (i.e. line vector changes). Dislocations must end at surfaces, grain boundaries, or loop/branch — they cannot terminate mid-crystal."
"CMB236","Kathy Christofidou","Dislocation Geometry","What is the maximum shear stress on an oblique plane under uniaxial tension, and how does this relate to plastic deformation?","Under uniaxial stress σ_m, the shear stress on a plane inclined at angle φ to the tensile axis is τ = σ_m sin(φ)cos(φ), maximised at φ = 45°, giving τ_max = σ_m/2. Plastic deformation initiates when τ on a slip system exceeds the CRSS. Schmid's Law is the 3D generalisation: τ_CRSS = σ_y cosθ cosλ, maximum 0.5σ_y. The ideal shear strength (~G/30) far exceeds experimental values, confirming dislocations rather than simultaneous bond-breaking control plasticity."
"CMB236","Kathy Christofidou","Dislocation Mechanics","What is the Peierls-Nabarro stress, and what material and geometric factors determine it?","The PN stress is the minimum shear stress needed to move a dislocation. It depends on shear modulus G, Poisson's ratio ν, Burgers vector b, and dislocation width w. Wider dislocations have lower PN stress because the misfit is spread over more atoms, flattening the energy barrier. FCC metals are close-packed, so dislocation widths are large and PN stress is very low — and crucially, FCC PN stress is temperature-independent, unlike BCC or HCP."
"CMB236","Kathy Christofidou","Dislocation Mechanics","What is the line tension of a dislocation and what does it represent energetically?","The line tension T (energy per unit length) is T ≈ αGb² ≈ ½Gb², where α ≈ ½. This combines elastic strain energy around the core with core energy itself. It means dislocations favour short, straight configurations and resist bowing — the shear stress to bow a pinned dislocation of length L is τ = Gb/L. The Frank energy criterion states a reaction b₁ → b₂ + b₃ is favourable if b₁² > b₂² + b₃²."
"CMB236","Kathy Christofidou","Dislocation Mechanics","Derive the force per unit length on a dislocation due to an applied shear stress τ.","When a dislocation of length L sweeps area A under shear stress τ, work done = τ·b·A. Force per unit length = τb. This is the Peach-Koehler result for a straight dislocation. Larger-b dislocations experience greater force — consistent with dislocations preferring smallest-b Burgers vectors to minimise energy (proportional to b²)."
"CMB236","Kathy Christofidou","Slip Systems","State the slip systems for FCC and BCC metals and explain why each family is preferred.","FCC: {111}<1-10> — slip on close-packed {111} planes in close-packed <110> directions (12 systems). BCC: {1-10}<111> — slip in close-packed <111> directions, but no truly close-packed plane (48 systems counting {110}, {112}, {123}). Both choose the shortest Burgers vector (lowest b² = lowest energy). FCC's 12 equivalent systems give high ductility and symmetric yield behaviour."
"CMB236","Kathy Christofidou","Slip Systems","State Schmid's Law and explain how the Schmid factor determines which slip system activates first.","Schmid's Law: τ_CRSS = σ_y cosθ cosλ, where θ is the angle between tensile axis and slip plane normal, and λ is the angle between tensile axis and slip direction. Schmid factor M = cosθ cosλ is maximised at θ = λ = 45° giving M = 0.5. The system with the highest M requires the lowest applied σ to reach CRSS and yields first. The OILS rule gives a quick method to identify the highest-M system in FCC/BCC given the tensile axis indices."
"CMB236","Kathy Christofidou","Dislocation Interactions","Describe the outcome when two dislocations on different slip planes interact, and define what makes a sessile dislocation.","The resulting dislocation has Burgers vector b₃ (check Frank criterion: b₃² vs b₁² + b₂²). Its line vector is l₃ = l₁ × l₂ (intersection of the two slip planes). If the resulting slip plane (b₃ × l₃) is not in the slip system, the dislocation cannot glide — it is sessile (immobile). A Lomer-Cottrell lock is the classic example: a sessile dislocation that blocks all subsequent slip, causing pile-up and hardening."
"CMB236","Kathy Christofidou","Dislocation Interactions","Compare cross-slip and climb as mechanisms for dislocations to change glide plane, including their thermal requirements.","Cross-slip: exclusive to screw dislocations (b parallel to l), allowing movement onto any plane containing b — requires no atomic diffusion but is thermally assisted. Climb: exclusive to edge dislocations, moving perpendicular to their slip plane by absorbing or emitting vacancies/interstitials — requires significant atomic diffusion, only significant above ~0.4 Tm. Both allow dislocations to bypass obstacles and reduce work-hardening rate."
"CMB236","Kathy Christofidou","Dislocation Interactions","What are kinks and jogs, and how do they affect dislocation mobility?","When two dislocations on the same slip plane intersect, they produce kinks (steps within the slip plane) — these move easily with the dislocation. When dislocations on different planes intersect, they produce jogs (steps leaving the slip plane) — these impede motion because the jogged segment cannot glide on the original plane and may require climb, effectively pinning the dislocation. Jogs are a significant hardening source during Stage 2 of FCC single-crystal deformation."
"CMB236","Kathy Christofidou","Partial Dislocations","Explain why a perfect dislocation in FCC splits into Shockley partial dislocations and what determines their separation.","In FCC, moving B to B directly is energetically costly; splitting into B→C→B via two Shockley partials (each b = a/6<112>) is favoured if b_partial² + b_partial² < b_perfect². The two partials repel elastically (same sign). Between them lies a stacking fault (ABCABC→ABABC) with energy γ per unit area that attracts them. Equilibrium separation r is proportional to Gb²/γ. Low-SFE materials (Cu, austenitic steels) have large separation, impeding recombination and cross-slip."
"CMB236","Kathy Christofidou","Partial Dislocations","Why can partial dislocations not cross-slip, and what is the consequence for materials with low stacking fault energy?","Cross-slip requires pure screw character, but a Shockley partial has mixed b (e.g. a/6[112]) — it cannot adopt pure screw character alone. The pair must first constrict (recombine into the perfect dislocation) before cross-slip, requiring energy proportional to γ × separation. In low-SFE materials, partials are widely separated, constriction energy is high, cross-slip is suppressed, and Stage 2 work-hardening is rapid and extensive."
"CMB236","Kathy Christofidou","Partial Dislocations","Describe the Frank-Read source mechanism for dislocation multiplication.","A dislocation segment is pinned at two points distance L apart. Under shear stress τ = Gb/L it bows outward, eventually forming a near-circular arc. The two arms (of opposite sign) wrap around, meet behind the pin points, and annihilate — releasing a closed dislocation loop and reinstating the original pinned segment. The source repeats, emitting successive loops. This is the primary mechanism of dislocation multiplication during plastic deformation."
"CMB236","Kathy Christofidou","Partial Dislocations","Describe the stages of FCC single crystal deformation in relation to stacking fault energy (SFE), focusing on Stage 3 onset.","Stage 3 (dynamic recovery) onset stress decreases as SFE increases. High-SFE metals (Al): narrow partials, easy constriction, cross-slip at low stress → Stage 3 onset early, limited work hardening. Low-SFE metals (Cu, brass): wide partials, high constriction energy, cross-slip suppressed → Stage 2 extends to higher stress. Very low-SFE materials may exhibit twinning (Stage 4) before recovery. SFE thus controls the balance between work-hardening and softening during deformation."
"CMB236","Kathy Christofidou","FCC Single Crystal Deformation","Describe the three stages of FCC single crystal stress-strain behaviour and link each to underlying dislocation physics.","Stage 1 (Easy Glide): one slip system active, CRSS constant, very low work-hardening rate — dislocations glide freely with minimal interaction. Stage 2 (Linear Hardening): second system activates; dislocation interactions produce jogs, Lomer-Cottrell locks, and pile-ups; θ₂ ≈ G/300, high and constant. Stage 3 (Dynamic Recovery): CRSS sufficient for cross-slip and climb; dislocations bypass obstacles and annihilate, work-hardening rate decreases. Higher SFE → Stage 3 onset at lower stress (easier cross-slip)."
"CMB236","Kathy Christofidou","Strengthening Mechanisms","State the Hall-Petch equation and explain its physical origin in terms of dislocation pile-up.","σ_Y = σ₀ + k_y × d^(-1/2), where σ₀ is lattice friction stress, k_y is the Hall-Petch slope, and d is grain diameter. Physical origin: dislocations pile up at grain boundaries. The stress concentration at the head of a pile-up of n dislocations scales as n × τ. For a pile-up of length ~d/2, n is proportional to d^(1/2), so stress needed to activate a source in the next grain scales as d^(-1/2). Finer grains → shorter pile-ups → lower stress concentration → higher yield stress required."
"CMB236","Kathy Christofidou","Strengthening Mechanisms","Distinguish substitutional and interstitial solid solution strengthening, and explain why interstitials produce larger hardening.","Substitutional atoms create symmetric spherical distortions — they interact mainly with the hydrostatic component of a dislocation's stress field. Interstitial atoms (C, N in Fe) sit in octahedral sites, creating asymmetric tetragonal distortions — they interact with both hydrostatic and shear components, producing much stronger pinning. Hence interstitials give larger Δσ per atom than substitutional solutes. Both hinder dislocation glide, raising CRSS."
"CMB236","Kathy Christofidou","Strengthening Mechanisms","What are Cottrell atmospheres and Lüders bands? Explain the upper/lower yield point phenomenon.","Cottrell atmospheres: solute atoms (C, N) diffuse to the tensile/compressive regions of an edge dislocation's stress field, pinning it. At the upper yield point, stress tears dislocations free. Once unpinned, dislocations move at lower stress — the lower yield point. Yielding propagates as a Lüders band across the specimen at nearly constant stress until the whole gauge length has yielded. Serrated Portevin-Le Chatelier flow at ~150°C occurs when C atoms and dislocations move at similar speeds, causing repeated pinning/unpinning."
"CMB236","Kathy Christofidou","Strengthening Mechanisms","Describe the Portevin-Le Chatelier effect and its temperature dependence in BCC iron.","At room temperature: normal Lüders band behaviour (single upper/lower yield). At ~150°C: C atoms diffuse at a rate comparable to dislocation velocity — atmospheres repeatedly form and break, giving serrated flow on the stress-strain curve. At ~300°C: C atoms move continuously with dislocations, maintaining a persistent atmosphere — no pinning/unpinning cycle, no serrations, and reduced solid-solution strengthening. Dynamic strain ageing therefore peaks at intermediate temperatures."
"CMB236","Kathy Christofidou","Strengthening Mechanisms","How does work hardening arise from dislocation density, and what is the Taylor relationship?","As plastic strain increases, dislocation density ρ rises via Frank-Read sources and multiplication. Dislocations interact elastically — same-sign dislocations repel, creating back-stresses opposing further glide. Taylor relationship: τ = τ₀ + αGb√ρ, where α ≈ 0.3–0.5. Higher ρ → higher flow stress. Stage 2 work-hardening rate θ ≈ G/300 because every strain increment raises ρ proportionally. Hardening saturates when recovery (annihilation) balances multiplication — defining steady-state creep at high T."
"CMB236","Kathy Christofidou","Precipitation Strengthening","Compare precipitate cutting and Orowan bowing as hardening mechanisms, including how each depends on precipitate radius r.","Cutting (shearing): for small coherent precipitates — dislocation shears through; τ proportional to r^(1/2), so strength increases with r. Orowan bowing: for large incoherent/semi-coherent precipitates — dislocation bows between particles, leaves a loop, and continues; τ = Gb/λ where λ is inter-precipitate spacing. As r increases at fixed volume fraction, λ increases and τ decreases (overageing). Crossover radius r* defines peak hardness. Orowan stress: τ = (Gb/r)(3f/2π)^(1/2)."
"CMB236","Kathy Christofidou","Precipitation Strengthening","Describe the sequence of microstructural changes during age hardening of a supersaturated solid solution.","Starting from a supersaturated solid solution (SSSS): (1) Solution hardening from SSSS itself. (2) Coherency strains: GP zones and early coherent precipitates distort the matrix, creating long-range stress fields impeding dislocations. (3) Cutting/shear: coherent precipitates of small r are sheared — strength proportional to r^(1/2). (4) Orowan bowing: coarsened incoherent precipitates are bypassed — strength decreases (overageing). Peak hardness occurs at the cutting-to-bowing transition. Misfit strain = (a_ppt − a_mat)/a_mat."
"CMB236","Kathy Christofidou","Precipitation Strengthening","Define misfit strain and explain its role in the early stages of precipitation hardening.","Misfit strain ε = Δa/a_matrix = (a_ppt − a_mat)/a_mat quantifies the lattice parameter mismatch between precipitate and matrix. A coherent precipitate elastically distorts the surrounding matrix, creating a long-range stress field that impedes dislocation glide even before the precipitate is large enough for cutting or bypassing — dominant at the GP zone stage. Coherency strain energy scales as ε²Gf per unit volume (f = volume fraction). Misfit also drives the transition from coherent to semi-coherent to incoherent as precipitates coarsen."
"CMB236","Kathy Christofidou","Twinning","Define deformation twinning and compare it with slip in terms of mechanism, temperature dependence, and rate sensitivity.","Twinning: simultaneous shear of successive atomic planes so the twinned region is a mirror image across the twin boundary — equivalent to partial dislocation propagation without recombination. Systems: FCC {111}<11-2>, BCC {11-2}<111>. Unlike slip: (1) twinning stress is higher than CRSS at RT but has no temperature dependence; (2) propagates at the speed of sound; (3) each atom moves less than one Burgers vector. Favoured at low T, high strain rate, low SFE, and in low-symmetry crystals with fewer slip systems."
"CMB236","Kathy Christofidou","Twinning","Distinguish deformation twinning from annealing twinning in terms of morphology and driving force.","Deformation twinning: mechanically driven; driving force decreases as the twin approaches a grain boundary, causing tapering lenticular morphology. Annealing twinning: thermally driven during recrystallisation; grows along minimum-energy {111} planes with no mechanical stress gradient, so twin boundaries are straight and parallel with no tapering. Annealing twins arise from growth accidents (stacking errors) during grain boundary migration, producing the characteristic straight-sided morphology in annealed Cu, brass, and austenitic steels."
"CMB236","Kathy Christofidou","Twinning","What is TWIP steel and how does twinning serve as a work-hardening mechanism?","TWIP (Twinning-Induced Plasticity) steels are high-Mn austenitic steels with very low SFE (~20 mJ/m²). During deformation, mechanical twins form continuously throughout the microstructure. Each twin boundary acts as a barrier to dislocation slip (similar to a grain boundary), reducing the effective mean free path of dislocations and sustaining a high work-hardening rate (Hall-Petch-like effect at the nanoscale). This produces exceptional strength-ductility combinations, with uniform elongation exceeding 50%."
"CMB236","Kathy Christofidou","Recovery & Recrystallisation","Describe the processes of recovery and polygonization during annealing of a cold-worked metal.","Recovery: at moderate temperatures, dislocations gain sufficient thermal energy to glide and climb — opposite-sign dislocations annihilate, reducing density. The remaining dislocations rearrange into low-angle tilt boundaries (walls of edge dislocations) — this is polygonization. Deformed grains are divided into slightly misoriented sub-grains (cells), lowering total strain energy. Hardness and yield strength decrease; ductility recovers. No new grains form. Driving force is reduction in stored elastic strain energy of the dislocation network."
"CMB236","Kathy Christofidou","Recovery & Recrystallisation","Explain the mechanism and driving force of primary recrystallisation, including the role of prior deformation and temperature.","Primary recrystallisation: new strain-free grains nucleate (at sites of high local misorientation — grain boundaries, deformation bands, inclusions) and grow by consuming the deformed matrix. Driving force: reduction in stored deformation energy (proportional to dislocation density and prior strain). Kinetics follow JMAK: X = 1 − exp(−kt^n). Requirements: sufficient prior deformation (above critical strain); adequate temperature (typically >0.4 Tm). More deformation → more nuclei → finer recrystallised grain size. Recrystallisation temperature decreases as prior strain increases."
"CMB236","Kathy Christofidou","Recovery & Recrystallisation","What is thermomechanical processing (TMP) and how does it exploit recrystallisation to control microstructure?","TMP combines deformation (rolling, forging) and heat treatment to tailor microstructure. Hot working (above T_recx) allows dynamic recovery/recrystallisation during deformation, maintaining workability. Controlled rolling in steels deforms austenite below the recrystallisation-stop temperature, pancaking grains and increasing nucleation sites — giving fine ferrite grains after transformation. Warm working (between T_recx and 0.3 Tm) allows static recovery post-deformation. Cold working (below 0.3 Tm) increases dislocation density without recovery, maximising work-hardening."
"CMB236","Daniel Cogswell","Fracture Mechanics","What are the two primary assumptions of linear elastic fracture mechanics (LEFM)?","The material is assumed to be continuous and it is assumed to obey Hooke's law until failure occurs."
"CMB236","Daniel Cogswell","Fracture Mechanics","What does the parameter $\gamma_s$ represent in the theoretical strength equation?","It represents the surface energy of the material."
"CMB236","Daniel Cogswell","Fracture Mechanics","State one reason why materials typically fail to achieve their theoretical cohesive strength.","Materials fail to attain their theoretical strength due to local stress concentrations at corners defects and cracks."
"CMB236","Daniel Cogswell","Fracture Mechanics","Which researcher applied thermodynamic concepts to crack growth mechanics and what does their model assume?","Griffith applied thermodynamic concepts assuming ideal elastic material behaviour."
"CMB236","Daniel Cogswell","Fracture Mechanics","What physical quantity is designated by the term $\gamma_p$?","It designates the plastic work energy associated with deformation at the crack tip."
"CMB236","Daniel Cogswell","Fracture Mechanics","Contrast the focal points of the fracture mechanics models proposed by Inglis Griffith and Irwin.","Inglis evaluates crack shape Griffith evaluates crack size and Irwin accounts for both factors."
"CMB236","Daniel Cogswell","Stress Intensity","What is the theoretical magnitude of stress at an infinitely sharp crack tip?","The stress magnitude at the crack tip is theoretically infinite."
"CMB236","Daniel Cogswell","Stress Intensity","What are the four boundary and material assumptions used to derive the stress field equations around a crack tip?","The material is continuous; the crack tip is infinitely sharp and withstands infinite stress; the normal stress components at the crack surfaces are zero; and the remote stress field remains unaffected at long distances from the crack tip."
"CMB236","Daniel Cogswell","Stress Intensity","Which specific mode of crack opening is evaluated in this module?","The module focuses exclusively on Mode I which is the opening mode."
"CMB236","Daniel Cogswell","Stress Intensity","What property does the notation $K_{Ic}$ define?","It defines the plane-strain fracture toughness of a material."
"CMB236","Daniel Cogswell","Stress Intensity","Explain why the stress intensity expression might be modified to a form such as $K_I = C(\sigma + P)\sqrt{\pi a}$ and provide a practical example.","The equation is modified when a component experiences superimposed stress states such as combined uniform tensile loading and internal pressurisation. A practical example is a pressurized gas cylinder."
"CMB236","Daniel Cogswell","Stress Intensity","How can the stress intensity factor equation be simplified if the crack dimensions a and c are negligibly small relative to the total component width W?","The geometric correction factor can be simplified by treating the component as an infinite plate where the finite width correction factor approaches unity."
"CMB236","Daniel Cogswell","Crack Plasticity","What physical phenomenon occurs at a real crack tip instead of the theoretically predicted infinite stress?","Localised plastic deformation and yielding occur at the crack tip."
"CMB236","Daniel Cogswell","Crack Plasticity","Which two analytical models propose specific geometric shape assumptions to determine the size of the crack-tip plastic zone?","The Irwin model and the Dugdale-Barenblatt model."
"CMB236","Daniel Cogswell","Crack Plasticity","How does an increase in the Poisson's ratio affect the calculated size of the plastic zone?","An increase in Poisson's ratio causes a decrease in the plastic zone size due to increased triaxial stress constraint."
"CMB236","Daniel Cogswell","Fatigue Analysis","What does a data point designated with an arrow on an S-N diagram signify?","It indicates a run-out signifying that the specimen survived the test duration without failing at that maximum cycle limit."
"CMB236","Daniel Cogswell","Fatigue Analysis","Differentiate between High Cycle Fatigue (HCF) and Low Cycle Fatigue (LCF) based on cycle thresholds and deformation regimes.","High Cycle Fatigue occurs above $10^3$ to $10^4$ cycles and is dominated by elastic deformation. Low Cycle Fatigue occurs below $10^3$ cycles and involves significant macro-plastic deformation."
"CMB236","Daniel Cogswell","Fatigue Analysis","Outline the three distinct stages of fatigue crack propagation observed during High Cycle Fatigue.","Stage I: Crack initiation; Stage II: Stable crack propagation; Stage III: Unstable fast fracture."
"CMB236","Daniel Cogswell","Fatigue Analysis","How does the orientation of crack propagation alter between Stage I and Stage II relative to the principal tensile axis?","Stage I propagation proceeds at an angle of 45° to the tensile axis along maximum shear planes whereas Stage II propagation shifts to 90° normal to the tensile axis."
"CMB236","Daniel Cogswell","Fatigue Analysis","During which stages of fatigue crack growth is the propagation rate highly sensitive to microstructural features such as grain size?","Microstructural sensitivity is pronounced during Stage I (initiation) and Stage III (fast fracture) but is minimal during Stage II stable growth."
"CMB236","Daniel Cogswell","Fatigue Analysis","What geometric design modification can be implemented to increase the fatigue resistance of a component?","Incorporate generous fillet radii to eliminate sharp internal corners and minimize structural stress concentrations."
"CMB236","Daniel Cogswell","Fatigue Analysis","Define shot peening and describe the mechanical state it induces on a component's surface.","Shot peening is a mechanical surface treatment that plastically deforms the surface layer via high-velocity particle bombardment. It induces a beneficial compressive residual stress layer that inhibits crack initiation."
"CMB236","Daniel Cogswell","Life Prediction","According to the Palmgren-Miner linear damage rule under what mathematical condition does fatigue failure occur?","Failure occurs when the linear damage accumulation sum (D) equals unity ($\sum \frac{n_i}{N_i} = 1$)."
"CMB236","Daniel Cogswell","Life Prediction","How does a positive mean stress influence the fatigue life ($\sigma_e$) of an alloy and what is the underlying mechanism?","A positive tensile mean stress reduces fatigue life because it accelerates microscopic crack growth rates."
"CMB236","Daniel Cogswell","Life Prediction","Rank the Gerber Goodman and Soderberg fatigue models in order of increasing conservativeness.","Gerber model (least conservative) $\rightarrow$ Goodman model $\rightarrow$ Soderberg model (most conservative)."
"CMB236","Daniel Cogswell","Life Prediction","Define the phenomenon of cyclic hardening.","Cyclic hardening is the progressive increase in the stress amplitude required to maintain a constant strain amplitude over successive cycles."
"CMB236","Daniel Cogswell","Life Prediction","What is the primary material selection guideline when designing components for HCF versus LCF applications?","Ductile materials should be selected for high-cycle fatigue applications to delay initiation whereas high-strength/high-yield materials should be chosen for low-cycle fatigue applications to resist plastic strain accumulation."
"CMB236","Daniel Cogswell","Corrosion Fatigue","Distinguish between the graphical trends of true corrosion fatigue and mixed corrosion fatigue regimes.","True corrosion fatigue shows continuous environmental degradation across all stress intensity levels whereas mixed corrosion fatigue exhibits a distinct threshold transition where environmental acceleration occurs only above a critical value ($K_{ISCC}$)."
"CMB236","Daniel Cogswell","Toughness Testing","Why must strict minimum specimen size requirements be satisfied during valid fracture toughness testing?","To enforce a state of plane strain at the crack tip ensuring the determination of a conservative geometry-independent fracture toughness value ($K_{Ic}$)."
"CMB236","Daniel Cogswell","Toughness Testing","Why is plane-strain fracture toughness testing fundamentally characterized as an iterative process?","It is iterative because the material's actual $K_{Ic}$ value must be determined experimentally before the post-test dimensional validity criteria can be verified."
"CMB236","Daniel Cogswell","Toughness Testing","Define the term $P_Q$ as used in fracture toughness testing standards and explain how it is isolated.","$P_Q$ is the provisional load used to compute provisional toughness ($K_Q$). It is isolated by drawing a 5% secant offset line on the experimental load-displacement curve."
"CMB236","Daniel Cogswell","Toughness Testing","Why is an exceptionally sharp precrack mandatory for valid fracture toughness evaluations?","A sharp crack is required to replicate the worst-case geometric condition and avoid artificially inflating measured toughness values via notch-blunting effects."
"CMB236","Daniel Cogswell","Toughness Testing","What two primary metallographic and mechanical features classify a low-alloy steel within fracture mechanics?","A carbon content of less than 0.4% and the presence of a distinct ductile-to-brittle transition temperature (DBTT)."
"CMB236","Daniel Cogswell","Toughness Testing","What is the primary function of the J-integral in advanced fracture mechanics?","The J-integral is an elastic-plastic parameter used to characterize the energy release rate and fracture behaviour when substantial plastic deformation precedes failure."
"CMB236","Daniel Cogswell","Toughness Testing","Why must fracture toughness specimens undergo high-cycle fatigue precracking prior to final tensile evaluation?","Precracking ensures that the subsequent test strictly measures resistance to crack propagation rather than the energy consumed during crack initiation."
CMB219,Russell Hand,Introduction,What is the glass transition (Tg)?,The transition from a melt into a glass at Tg — the temperature at which configurational changes stop (log η ≈ 12).
CMB219,Russell Hand,Introduction,What are the two main methods of glass formation?,"Cooling from a melt (critical cooling rate determines max thickness) and CVD (chemical vapour deposition) for fibreoptic preforms."
CMB219,Russell Hand,Introduction,Why do good glass formers have high viscosity?,High viscosity suppresses crystallisation and makes forming easier.
CMB219,Russell Hand,Introduction,What is the key structural feature of glasses?,Glasses have no long-range order — they are amorphous. However not all amorphous materials are glasses; the glass transition is the defining factor.
CMB219,Russell Hand,Oxide Glass Types,Name five types of oxide glass and a use for each.,"Pure silica (SiO2); Soda-lime-silica (SLS) — light bulbs/glassware; Borosilicate — Pyrex/nuclear waste; Aluminosilicate — E-glass/Gorilla Glass; Lead glass — optical; Bioglass — biomedical (P2O5/SiO2)."
CMB219,Russell Hand,Glass Formers,What is a network former?,A material that forms glass on its own by building the glass network (e.g. SiO2).
CMB219,Russell Hand,Glass Formers,What is a network modifier?,A material that breaks up the glass network (e.g. Na2O and MgO).
CMB219,Russell Hand,Glass Formers,What is a network intermediate?,A material that can act as either a former or modifier depending on its charge (e.g. Al2O3).
CMB219,Russell Hand,Glass Formers,State Zachariasen's rules for network formers.,Network formers must have an oxidation state greater than 2 and must be in trigonal or tetrahedral coordination.
CMB219,Russell Hand,Glass Formers,How does Warren's model differ from Zachariasen's?,Warren acknowledges that glass networks aren't 100% homogeneous — the former must have a high proportion (not necessarily 100%) of CN3/4 coordination.
CMB219,Russell Hand,Glass Formers,Name four reasons why a glass may deviate from its batched composition.,"Losses during melting, raw material impurities, wet raw materials, and refractory contamination (ceramic leaching)."
CMB219,Russell Hand,Glass Batch Calculations,What are the key commercial considerations when designing a glass batch?,"Must melt easily to produce a homogeneous, bubble-free product; optimum viscosity-temperature curve; correct colour/colourless; and cost."
CMB219,Russell Hand,Glass Batch Calculations,Name four common raw materials used in SLS glass batches and their roles.,"SiO2 (network former); Na2CO3/soda ash (lowers melting point); CaCO3/limestone (increases durability); cullet (20–100% recycled glass)."
CMB219,Russell Hand,Glass Batch Calculations,Why should batch grain sizes be fine?,Fine grain sizes increase the rate of dissolution and help remove small bubbles.
CMB219,Russell Hand,Glass Melting Process,Describe the four stages of melting SLS glass with approximate temperatures.,"Batch melting ~700°C (intermediates form, carbonates decompose); Rough melt ~1100°C (sand grains dissolve, CO2 bubbles form); Seedy melt ~1300°C (CO2 bubbles removed by buoyancy/Stokes); Clear melt ~1300°C (seed-free, diffusion/convection homogenises)."
CMB219,Russell Hand,Glass Melting Process,What is the role of saltcake (Na2SO4) in glass melting?,Saltcake acts as a surfactant to help dissolve sand grains and produces O2 which increases bubble size during fining to aid bubble removal.
CMB219,Russell Hand,Glass Melting Process,What is fining/refining in glass melting?,The removal of CO2 bubbles (seeds) from the melt primarily during the 2.5–4.2 hour stage at ~1300°C.
CMB219,Russell Hand,Glass Melting Process,Why is particle size important in glass batch melting?,"Smaller particles decrease the time needed to react a given % of silica, and reduce the temperature required to react within a given time."
CMB219,Russell Hand,Glass Melting Process,What is conditioning in glass melting?,Post-homogenisation cooling of the melt to achieve the appropriate viscosity for forming.
CMB219,Russell Hand,Glass Melting Process,List the standard viscosity reference points and their approximate log η values.,"Melting: log η = 0 (~1400°C); Forming: 3.3 (~1050°C); Softening: 6 (~700°C); Tg: 12 (~550°C); Annealing point: 12.4 (~540°C); Strain point: 13.5 (~500°C)."
CMB219,Russell Hand,Glass Melting Process,What is devitrification and why is it problematic?,"Devitrification is crystallisation in glass. Crystals act as stress concentrators, reduce transparency (glass becomes murky), and degrade mechanical and optical properties."
CMB219,Russell Hand,Glass Forming Processes,What is the shear stress equation governing viscous flow?,τ = η(dv/dy) where dv/dy is the velocity gradient and η is the viscosity. Most glasses show Newtonian behaviour (viscosity independent of shear stress).
CMB219,Russell Hand,Glass Forming Processes,Describe the pressing process for glass forming.,"A cast iron mould, cover, and plunger shape the glass. Optimal mould temperature must avoid sticking (too hot) or cracking (too cold). Mould is air or water cooled. Gives rapid cooling and high production rate but contact with mould limits optical surface quality."
CMB219,Russell Hand,Glass Forming Processes,What are the roles of the working end and forehearth?,"Working end: rapidly cools glass by >200°C to ~1300°C creating a temperature gradient. Forehearth: transports glass to the forming zone, cools melt from top-down with an S-shaped temperature profile, to ~1100°C."
CMB219,Russell Hand,Glass Forming Processes,Describe the double-blow bottle forming process.,"Start with a gob; blow it and form the neck (creating the outside shape), then blow from the neck to expand the inside to final bottle shape."
CMB219,Russell Hand,Glass Forming Processes,What is the press-and-blow process?,A gob is pressed into the correct opening size first then blown to its maximum/final size.
CMB219,Russell Hand,Glass Forming Processes,What determines forming machine speed?,Forming speed depends on the softening and annealing temperatures — as Ts/Ta decrease machine speed increases. Increasing lime content also increases speed.
CMB219,Russell Hand,Glass Forming Processes,Describe the float glass process.,"Continuous process: Batch → Furnace (melting) → Tin Bath (forming at ~1050°C) → Lehr (annealing). Glass floats on molten tin and is removed at ~600°C."
CMB219,Russell Hand,Glass Forming Processes,What is the Fusion Draw process and what is it used for?,"Corning/Gorilla Glass process — molten glass is fed into a trough/reservoir where both outer surfaces remain untouched. Produces sub-mm thick glass with log η > 4."
CMB219,Russell Hand,Glass Forming Processes,How are continuous glass fibres produced?,"Fibres are drawn from a melt through a bushing (showerhead) at η = 50–100 Pa·s, with T – TL > 50°C. Fibres are then chemically coated by a roller."
CMB219,Russell Hand,Viscosity and Composition,What is the VFT equation and what does each term represent?,"log η = A + B/(T – T0), where η is viscosity (in Poise), T is temperature, and A, B, T0 are empirical constants. T0 is the temperature at which viscosity would diverge."
CMB219,Russell Hand,Viscosity and Composition,What distinguishes strong liquids from fragile liquids in terms of viscosity behaviour?,"Strong liquids have Arrhenian behaviour (constant activation energy EA, viscosity less sensitive to temperature) due to rigid intermolecular forces. Fragile liquids have non-Arrhenian behaviour with temperature-sensitive EA, due to weak intermolecular forces."
CMB219,Russell Hand,Viscosity and Composition,What is the Lakatos method?,A method to estimate glass viscosity parameters A and B as a weighted sum of oxide parameters multiplied by (wt% oxide / wt% silica) for all oxides in the composition.
CMB219,Russell Hand,Bulk Glass Making,What is the difference between regenerative and recuperative furnaces?,"Regenerative: alternating active/passive chambers store heat in refractory bricks (~1400°C inlet, flip every ~40 min). Recuperative: continuous heat exchange via heat exchangers using exhaust gases, limited to ~1000°C by steel piping."
CMB219,Russell Hand,Bulk Glass Making,What are the main sources of heat loss in a tank furnace?,Exhaust/waste heat and furnace/regenerator wall heat loss are the biggest sources.
CMB219,Russell Hand,Bulk Glass Making,Why is O2 firing used instead of air?,Using pure O2 instead of air prevents N2 oxidation that causes NOx pollution from LNG combustion.
CMB219,Russell Hand,Bulk Glass Making,What is the effect of adding transition metals (e.g. Fe) to the glass melt?,They increase absorption coefficients of the melt. The top layers absorb most of the heat creating a steep temperature gradient and reducing effective heat conductivity through the melt.
CMB219,Russell Hand,Glass Colour,What causes colour in glasses from transition metal ions?,Transition metal ions colour glass depending on their oxidation state and coordination environment — both affect the absorption spectrum.
CMB219,Russell Hand,Glass Colour,How does amber glass work and why is it useful?,Amber glass involves anion-cation pairs and absorbs strongly in the UV/blue range. This prevents degradation of contents (e.g. beer) by UV/blue photons that cause off-flavours.
CMB219,Russell Hand,Glass Colour,How does iron affect glass colour and how is it decolourised?,"Fe2+ absorbs red (near-IR); Fe3+ absorbs blue (near-UV). To decolourise: oxidise Fe2+ to Fe3+ (weaker colour), then add complementary colourants (Co, Se) for a net mild grey appearance."
CMB219,Russell Hand,Glass Colour,What is LSPR colouring in glass?,Localised Surface Plasmon Resonance: metal nanoparticles (<50 nm) strongly absorb specific wavelengths giving distinctive, vivid colours even at low concentrations. Larger particles (>50 nm) also scatter light.
CMB219,Russell Hand,Residual Stresses,What are temporary vs residual stresses in glass?,"Temporary stresses arise during heating/cooling due to temperature gradients. Residual stresses are temporary stresses frozen into the glass when viscosity becomes too high to allow stress relief — they remain at room temperature."
CMB219,Russell Hand,Residual Stresses,How do cooling rate and thickness affect residual stresses?,Both increase the temperature gradient across the glass — faster cooling and greater thickness lead to larger residual stresses.
CMB219,Russell Hand,Chemical/Thermal Tempering,What is thermal tempering and how does it strengthen glass?,"Glass is heated above Tg then quenched, putting the surface in compression. Surface compressive stresses counteract surface flaws (which are typically tensile), increasing strength. Safety glass uses this to produce fine fragmentation on fracture."
CMB219,Russell Hand,Chemical/Thermal Tempering,What is chemical tempering and how does it differ from thermal tempering?,"Chemical tempering uses ion exchange (e.g. replacing Na+ with larger K+ near the surface at ~Tg) to create surface compressive stresses. It is a slow diffusive process; longer times give deeper layers but greater stress relaxation. Used in display glass and epipens. Unlike thermal tempering, it can be applied to thin sections."